{
  "times": [
    1700000000000,
    1700003600000,
    1700007200000,
    1700010800000,
    1700014400000,
    1700018000000,
    1700021600000,
    1700025200000,
    1700028800000,
    1700032400000,
    1700036000000,
    1700039600000,
    1700043200000,
    1700046800000,
    1700050400000,
    1700054000000,
    1700057600000,
    1700061200000,
    1700064800000,
    1700068400000,
    1700072000000,
    1700075600000,
    1700079200000,
    1700082800000,
    1700086400000,
    1700090000000,
    1700093600000,
    1700097200000,
    1700100800000,
    1700104400000,
    1700108000000,
    1700111600000,
    1700115200000,
    1700118800000,
    1700122400000,
    1700126000000,
    1700129600000,
    1700133200000,
    1700136800000,
    1700140400000,
    1700144000000,
    1700147600000,
    1700151200000,
    1700154800000,
    1700158400000,
    1700162000000,
    1700165600000,
    1700169200000
  ],
  "opens": [
    104,
    110.58333333333334,
    116.93333333333334,
    123.05,
    128.93333333333334,
    134.58333333333334,
    140,
    134.81666666666666,
    129.86666666666667,
    125.15,
    120.66666666666667,
    116.41666666666667,
    112.4,
    117.58333333333333,
    122.53333333333333,
    127.25,
    131.73333333333335,
    135.98333333333335,
    140,
    136.21666666666667,
    132.66666666666666,
    129.35,
    126.26666666666667,
    123.41666666666666,
    120.8,
    124.58333333333333,
    128.13333333333333,
    131.45,
    134.53333333333333,
    137.38333333333333,
    140,
    137.61666666666667,
    135.46666666666667,
    133.55,
    131.86666666666667,
    130.41666666666666,
    129.2,
    131.58333333333334,
    133.73333333333332,
    135.65,
    137.33333333333334,
    138.78333333333333,
    140,
    139.01666666666665,
    138.26666666666668,
    137.75,
    137.46666666666667,
    137.41666666666666
  ],
  "highs": [
    104.5,
    111.08333333333334,
    117.43333333333334,
    123.55,
    129.43333333333334,
    135.08333333333334,
    140.5,
    135.31666666666666,
    130.36666666666667,
    125.65,
    121.16666666666667,
    116.91666666666667,
    112.9,
    118.08333333333333,
    123.03333333333333,
    127.75,
    132.23333333333335,
    136.48333333333335,
    140.5,
    136.71666666666667,
    133.16666666666666,
    129.85,
    126.76666666666667,
    123.91666666666666,
    121.3,
    125.08333333333333,
    128.63333333333333,
    131.95,
    135.03333333333333,
    137.88333333333333,
    140.5,
    138.11666666666667,
    135.96666666666667,
    134.05,
    132.36666666666667,
    130.91666666666666,
    129.7,
    132.08333333333334,
    134.23333333333332,
    136.15,
    137.83333333333334,
    139.28333333333333,
    140.5,
    139.51666666666665,
    138.76666666666668,
    138.25,
    137.96666666666667,
    137.91666666666666
  ],
  "lows": [
    103.5,
    110.08333333333334,
    116.43333333333334,
    122.55,
    128.43333333333334,
    134.08333333333334,
    139.5,
    134.31666666666666,
    129.36666666666667,
    124.65,
    120.16666666666667,
    115.91666666666667,
    111.9,
    117.08333333333333,
    122.03333333333333,
    126.75,
    131.23333333333335,
    135.48333333333335,
    139.5,
    135.71666666666667,
    132.16666666666666,
    128.85,
    125.76666666666667,
    122.91666666666666,
    120.3,
    124.08333333333333,
    127.63333333333333,
    130.95,
    134.03333333333333,
    136.88333333333333,
    139.5,
    137.11666666666667,
    134.96666666666667,
    133.05,
    131.36666666666667,
    129.91666666666666,
    128.7,
    131.08333333333334,
    133.23333333333332,
    135.15,
    136.83333333333334,
    138.28333333333333,
    139.5,
    138.51666666666665,
    137.76666666666668,
    137.25,
    136.96666666666667,
    136.91666666666666
  ],
  "closes": [
    104,
    110.58333333333334,
    116.93333333333334,
    123.05,
    128.93333333333334,
    134.58333333333334,
    140,
    134.81666666666666,
    129.86666666666667,
    125.15,
    120.66666666666667,
    116.41666666666667,
    112.4,
    117.58333333333333,
    122.53333333333333,
    127.25,
    131.73333333333335,
    135.98333333333335,
    140,
    136.21666666666667,
    132.66666666666666,
    129.35,
    126.26666666666667,
    123.41666666666666,
    120.8,
    124.58333333333333,
    128.13333333333333,
    131.45,
    134.53333333333333,
    137.38333333333333,
    140,
    137.61666666666667,
    135.46666666666667,
    133.55,
    131.86666666666667,
    130.41666666666666,
    129.2,
    131.58333333333334,
    133.73333333333332,
    135.65,
    137.33333333333334,
    138.78333333333333,
    140,
    139.01666666666665,
    138.26666666666668,
    137.75,
    137.46666666666667,
    137.41666666666666
  ],
  "volumes": [
    1200,
    1185,
    1170,
    1155,
    1140,
    1126,
    1111,
    1096,
    1081,
    1066,
    1051,
    1036,
    1021,
    1006,
    991,
    977,
    962,
    947,
    932,
    917,
    902,
    887,
    872,
    857,
    843,
    828,
    813,
    798,
    783,
    768,
    753,
    738,
    723,
    709,
    694,
    679,
    664,
    649,
    634,
    619,
    604,
    589,
    574,
    560,
    545,
    530,
    515,
    500
  ]
}
