{
  "times": [
    1700000000000,
    1700003600000,
    1700007200000,
    1700010800000,
    1700014400000,
    1700018000000,
    1700021600000,
    1700025200000,
    1700028800000,
    1700032400000,
    1700036000000,
    1700039600000,
    1700043200000,
    1700046800000,
    1700050400000,
    1700054000000,
    1700057600000,
    1700061200000,
    1700064800000,
    1700068400000,
    1700072000000,
    1700075600000,
    1700079200000,
    1700082800000,
    1700086400000,
    1700090000000,
    1700093600000,
    1700097200000,
    1700100800000,
    1700104400000,
    1700108000000,
    1700111600000,
    1700115200000,
    1700118800000,
    1700122400000,
    1700126000000,
    1700129600000,
    1700133200000,
    1700136800000,
    1700140400000,
    1700144000000,
    1700147600000,
    1700151200000,
    1700154800000,
    1700158400000,
    1700162000000,
    1700165600000,
    1700169200000
  ],
  "opens": [
    104,
    105.73333333333333,
    107.73333333333333,
    110,
    112.53333333333333,
    115.33333333333333,
    118.4,
    115.86666666666666,
    113.06666666666666,
    110,
    106.66666666666667,
    103.06666666666666,
    99.2,
    102.53333333333333,
    106.13333333333334,
    110,
    114.13333333333333,
    118.53333333333333,
    123.2,
    119.06666666666666,
    114.66666666666667,
    110,
    105.06666666666666,
    99.86666666666666,
    94.4,
    99.33333333333333,
    104.53333333333333,
    110,
    115.73333333333333,
    121.73333333333333,
    128,
    122.26666666666668,
    116.26666666666668,
    110,
    103.46666666666667,
    96.66666666666667,
    89.6,
    96.13333333333334,
    102.93333333333332,
    110,
    117.33333333333333,
    124.93333333333334,
    132.8,
    125.46666666666667,
    117.86666666666667,
    110,
    101.86666666666667,
    93.46666666666667
  ],
  "highs": [
    104.5,
    106.23333333333333,
    108.23333333333333,
    110.5,
    113.03333333333333,
    115.83333333333333,
    118.9,
    116.36666666666666,
    113.56666666666666,
    110.5,
    107.16666666666667,
    103.56666666666666,
    99.7,
    103.03333333333333,
    106.63333333333334,
    110.5,
    114.63333333333333,
    119.03333333333333,
    123.7,
    119.56666666666666,
    115.16666666666667,
    110.5,
    105.56666666666666,
    100.36666666666666,
    94.9,
    99.83333333333333,
    105.03333333333333,
    110.5,
    116.23333333333333,
    122.23333333333333,
    128.5,
    122.76666666666668,
    116.76666666666668,
    110.5,
    103.96666666666667,
    97.16666666666667,
    90.1,
    96.63333333333334,
    103.43333333333332,
    110.5,
    117.83333333333333,
    125.43333333333334,
    133.3,
    125.96666666666667,
    118.36666666666667,
    110.5,
    102.36666666666667,
    93.96666666666667
  ],
  "lows": [
    103.5,
    105.23333333333333,
    107.23333333333333,
    109.5,
    112.03333333333333,
    114.83333333333333,
    117.9,
    115.36666666666666,
    112.56666666666666,
    109.5,
    106.16666666666667,
    102.56666666666666,
    98.7,
    102.03333333333333,
    105.63333333333334,
    109.5,
    113.63333333333333,
    118.03333333333333,
    122.7,
    118.56666666666666,
    114.16666666666667,
    109.5,
    104.56666666666666,
    99.36666666666666,
    93.9,
    98.83333333333333,
    104.03333333333333,
    109.5,
    115.23333333333333,
    121.23333333333333,
    127.5,
    121.76666666666668,
    115.76666666666668,
    109.5,
    102.96666666666667,
    96.16666666666667,
    89.1,
    95.63333333333334,
    102.43333333333332,
    109.5,
    116.83333333333333,
    124.43333333333334,
    132.3,
    124.96666666666667,
    117.36666666666667,
    109.5,
    101.36666666666667,
    92.96666666666667
  ],
  "closes": [
    104,
    105.73333333333333,
    107.73333333333333,
    110,
    112.53333333333333,
    115.33333333333333,
    118.4,
    115.86666666666666,
    113.06666666666666,
    110,
    106.66666666666667,
    103.06666666666666,
    99.2,
    102.53333333333333,
    106.13333333333334,
    110,
    114.13333333333333,
    118.53333333333333,
    123.2,
    119.06666666666666,
    114.66666666666667,
    110,
    105.06666666666666,
    99.86666666666666,
    94.4,
    99.33333333333333,
    104.53333333333333,
    110,
    115.73333333333333,
    121.73333333333333,
    128,
    122.26666666666668,
    116.26666666666668,
    110,
    103.46666666666667,
    96.66666666666667,
    89.6,
    96.13333333333334,
    102.93333333333332,
    110,
    117.33333333333333,
    124.93333333333334,
    132.8,
    125.46666666666667,
    117.86666666666667,
    110,
    101.86666666666667,
    93.46666666666667
  ],
  "volumes": [
    1000,
    1000,
    1000,
    1000,
    1000,
    1000,
    1000,
    1000,
    1000,
    1000,
    1000,
    1000,
    1000,
    1000,
    1000,
    1000,
    1000,
    1000,
    1000,
    1000,
    1000,
    1000,
    1000,
    1000,
    1000,
    1000,
    1000,
    1000,
    1000,
    1000,
    1000,
    1000,
    1000,
    1000,
    1000,
    1000,
    1000,
    1000,
    1000,
    1000,
    1000,
    1000,
    1000,
    1000,
    1000,
    1000,
    1000,
    1000
  ]
}
