{
  "times": [
    1700000000000,
    1700003600000,
    1700007200000,
    1700010800000,
    1700014400000,
    1700018000000,
    1700021600000,
    1700025200000,
    1700028800000,
    1700032400000,
    1700036000000,
    1700039600000,
    1700043200000,
    1700046800000,
    1700050400000,
    1700054000000,
    1700057600000,
    1700061200000,
    1700064800000,
    1700068400000,
    1700072000000,
    1700075600000,
    1700079200000,
    1700082800000,
    1700086400000,
    1700090000000,
    1700093600000,
    1700097200000,
    1700100800000,
    1700104400000,
    1700108000000,
    1700111600000,
    1700115200000,
    1700118800000,
    1700122400000,
    1700126000000,
    1700129600000,
    1700133200000,
    1700136800000,
    1700140400000,
    1700144000000,
    1700147600000,
    1700151200000,
    1700154800000,
    1700158400000,
    1700162000000,
    1700165600000,
    1700169200000
  ],
  "opens": [
    104,
    106.83333333333333,
    109.66666666666667,
    112.5,
    115.33333333333333,
    118.16666666666667,
    121,
    119.16666666666667,
    117.33333333333333,
    115.5,
    113.66666666666667,
    111.83333333333333,
    110,
    112.83333333333333,
    115.66666666666667,
    118.5,
    121.33333333333333,
    124.16666666666667,
    127,
    125.16666666666667,
    123.33333333333333,
    121.5,
    119.66666666666667,
    117.83333333333333,
    116,
    118.83333333333333,
    121.66666666666667,
    124.5,
    127.33333333333333,
    130.16666666666666,
    133,
    131.16666666666666,
    129.33333333333334,
    127.5,
    125.66666666666667,
    123.83333333333333,
    122,
    124.83333333333333,
    127.66666666666667,
    130.5,
    133.33333333333334,
    136.16666666666666,
    139,
    137.16666666666666,
    135.33333333333334,
    133.5,
    131.66666666666666,
    129.83333333333334
  ],
  "highs": [
    104.5,
    107.33333333333333,
    110.16666666666667,
    113,
    115.83333333333333,
    118.66666666666667,
    121.5,
    119.66666666666667,
    117.83333333333333,
    116,
    114.16666666666667,
    112.33333333333333,
    110.5,
    113.33333333333333,
    116.16666666666667,
    119,
    121.83333333333333,
    124.66666666666667,
    127.5,
    125.66666666666667,
    123.83333333333333,
    122,
    120.16666666666667,
    118.33333333333333,
    116.5,
    119.33333333333333,
    122.16666666666667,
    125,
    127.83333333333333,
    130.66666666666666,
    133.5,
    131.66666666666666,
    129.83333333333334,
    128,
    126.16666666666667,
    124.33333333333333,
    122.5,
    125.33333333333333,
    128.16666666666669,
    131,
    133.83333333333334,
    136.66666666666666,
    139.5,
    137.66666666666666,
    135.83333333333334,
    134,
    132.16666666666666,
    130.33333333333334
  ],
  "lows": [
    103.5,
    106.33333333333333,
    109.16666666666667,
    112,
    114.83333333333333,
    117.66666666666667,
    120.5,
    118.66666666666667,
    116.83333333333333,
    115,
    113.16666666666667,
    111.33333333333333,
    109.5,
    112.33333333333333,
    115.16666666666667,
    118,
    120.83333333333333,
    123.66666666666667,
    126.5,
    124.66666666666667,
    122.83333333333333,
    121,
    119.16666666666667,
    117.33333333333333,
    115.5,
    118.33333333333333,
    121.16666666666667,
    124,
    126.83333333333333,
    129.66666666666666,
    132.5,
    130.66666666666666,
    128.83333333333334,
    127,
    125.16666666666667,
    123.33333333333333,
    121.5,
    124.33333333333333,
    127.16666666666667,
    130,
    132.83333333333334,
    135.66666666666666,
    138.5,
    136.66666666666666,
    134.83333333333334,
    133,
    131.16666666666666,
    129.33333333333334
  ],
  "closes": [
    104,
    106.83333333333333,
    109.66666666666667,
    112.5,
    115.33333333333333,
    118.16666666666667,
    121,
    119.16666666666667,
    117.33333333333333,
    115.5,
    113.66666666666667,
    111.83333333333333,
    110,
    112.83333333333333,
    115.66666666666667,
    118.5,
    121.33333333333333,
    124.16666666666667,
    127,
    125.16666666666667,
    123.33333333333333,
    121.5,
    119.66666666666667,
    117.83333333333333,
    116,
    118.83333333333333,
    121.66666666666667,
    124.5,
    127.33333333333333,
    130.16666666666666,
    133,
    131.16666666666666,
    129.33333333333334,
    127.5,
    125.66666666666667,
    123.83333333333333,
    122,
    124.83333333333333,
    127.66666666666667,
    130.5,
    133.33333333333334,
    136.16666666666666,
    139,
    137.16666666666666,
    135.33333333333334,
    133.5,
    131.66666666666666,
    129.83333333333334
  ],
  "volumes": [
    1000,
    1000,
    1000,
    1000,
    1000,
    1000,
    1000,
    1000,
    1000,
    1000,
    1000,
    1000,
    1000,
    1000,
    1000,
    1000,
    1000,
    1000,
    1000,
    1000,
    1000,
    1000,
    1000,
    1000,
    1000,
    1000,
    1000,
    1000,
    1000,
    1000,
    1000,
    1000,
    1000,
    1000,
    1000,
    1000,
    1000,
    1000,
    1000,
    1000,
    1000,
    1000,
    1000,
    1000,
    1000,
    1000,
    1000,
    1000
  ]
}
