{
  "times": [
    1700000000000,
    1700003600000,
    1700007200000,
    1700010800000,
    1700014400000,
    1700018000000,
    1700021600000,
    1700025200000,
    1700028800000,
    1700032400000,
    1700036000000,
    1700039600000,
    1700043200000,
    1700046800000,
    1700050400000,
    1700054000000,
    1700057600000,
    1700061200000,
    1700064800000,
    1700068400000,
    1700072000000,
    1700075600000,
    1700079200000,
    1700082800000,
    1700086400000,
    1700090000000,
    1700093600000,
    1700097200000,
    1700100800000,
    1700104400000,
    1700108000000,
    1700111600000,
    1700115200000,
    1700118800000,
    1700122400000,
    1700126000000,
    1700129600000,
    1700133200000,
    1700136800000,
    1700140400000,
    1700144000000,
    1700147600000,
    1700151200000,
    1700154800000,
    1700158400000,
    1700162000000,
    1700165600000,
    1700169200000
  ],
  "opens": [
    104,
    109.88333333333334,
    115.53333333333333,
    120.95,
    126.13333333333333,
    131.08333333333334,
    135.8,
    129.91666666666666,
    124.26666666666668,
    118.85,
    113.66666666666667,
    108.71666666666667,
    104,
    108.48333333333333,
    112.73333333333333,
    116.75,
    120.53333333333333,
    124.08333333333333,
    127.4,
    122.91666666666667,
    118.66666666666667,
    114.65,
    110.86666666666666,
    107.31666666666666,
    104,
    107.08333333333333,
    109.93333333333334,
    112.55,
    114.93333333333334,
    117.08333333333334,
    119,
    115.91666666666666,
    113.06666666666666,
    110.45,
    108.06666666666666,
    105.91666666666667,
    104,
    105.68333333333334,
    107.13333333333334,
    108.35,
    109.33333333333333,
    110.08333333333333,
    110.6,
    108.91666666666667,
    107.46666666666667,
    106.25,
    105.26666666666667,
    104.51666666666667
  ],
  "highs": [
    104.5,
    110.38333333333334,
    116.03333333333333,
    121.45,
    126.63333333333333,
    131.58333333333334,
    136.3,
    130.41666666666666,
    124.76666666666668,
    119.35,
    114.16666666666667,
    109.21666666666667,
    104.5,
    108.98333333333333,
    113.23333333333333,
    117.25,
    121.03333333333333,
    124.58333333333333,
    127.9,
    123.41666666666667,
    119.16666666666667,
    115.15,
    111.36666666666666,
    107.81666666666666,
    104.5,
    107.58333333333333,
    110.43333333333334,
    113.05,
    115.43333333333334,
    117.58333333333334,
    119.5,
    116.41666666666666,
    113.56666666666666,
    110.95,
    108.56666666666666,
    106.41666666666667,
    104.5,
    106.18333333333334,
    107.63333333333334,
    108.85,
    109.83333333333333,
    110.58333333333333,
    111.1,
    109.41666666666667,
    107.96666666666667,
    106.75,
    105.76666666666667,
    105.01666666666667
  ],
  "lows": [
    103.5,
    109.38333333333334,
    115.03333333333333,
    120.45,
    125.63333333333333,
    130.58333333333334,
    135.3,
    129.41666666666666,
    123.76666666666668,
    118.35,
    113.16666666666667,
    108.21666666666667,
    103.5,
    107.98333333333333,
    112.23333333333333,
    116.25,
    120.03333333333333,
    123.58333333333333,
    126.9,
    122.41666666666667,
    118.16666666666667,
    114.15,
    110.36666666666666,
    106.81666666666666,
    103.5,
    106.58333333333333,
    109.43333333333334,
    112.05,
    114.43333333333334,
    116.58333333333334,
    118.5,
    115.41666666666666,
    112.56666666666666,
    109.95,
    107.56666666666666,
    105.41666666666667,
    103.5,
    105.18333333333334,
    106.63333333333334,
    107.85,
    108.83333333333333,
    109.58333333333333,
    110.1,
    108.41666666666667,
    106.96666666666667,
    105.75,
    104.76666666666667,
    104.01666666666667
  ],
  "closes": [
    104,
    109.88333333333334,
    115.53333333333333,
    120.95,
    126.13333333333333,
    131.08333333333334,
    135.8,
    129.91666666666666,
    124.26666666666668,
    118.85,
    113.66666666666667,
    108.71666666666667,
    104,
    108.48333333333333,
    112.73333333333333,
    116.75,
    120.53333333333333,
    124.08333333333333,
    127.4,
    122.91666666666667,
    118.66666666666667,
    114.65,
    110.86666666666666,
    107.31666666666666,
    104,
    107.08333333333333,
    109.93333333333334,
    112.55,
    114.93333333333334,
    117.08333333333334,
    119,
    115.91666666666666,
    113.06666666666666,
    110.45,
    108.06666666666666,
    105.91666666666667,
    104,
    105.68333333333334,
    107.13333333333334,
    108.35,
    109.33333333333333,
    110.08333333333333,
    110.6,
    108.91666666666667,
    107.46666666666667,
    106.25,
    105.26666666666667,
    104.51666666666667
  ],
  "volumes": [
    1200,
    1185,
    1170,
    1155,
    1140,
    1126,
    1111,
    1096,
    1081,
    1066,
    1051,
    1036,
    1021,
    1006,
    991,
    977,
    962,
    947,
    932,
    917,
    902,
    887,
    872,
    857,
    843,
    828,
    813,
    798,
    783,
    768,
    753,
    738,
    723,
    709,
    694,
    679,
    664,
    649,
    634,
    619,
    604,
    589,
    574,
    560,
    545,
    530,
    515,
    500
  ]
}
