{
  "times": [
    1700000000000,
    1700003600000,
    1700007200000,
    1700010800000,
    1700014400000,
    1700018000000,
    1700021600000,
    1700025200000,
    1700028800000,
    1700032400000,
    1700036000000,
    1700039600000,
    1700043200000,
    1700046800000,
    1700050400000,
    1700054000000,
    1700057600000,
    1700061200000,
    1700064800000,
    1700068400000,
    1700072000000,
    1700075600000,
    1700079200000,
    1700082800000,
    1700086400000,
    1700090000000,
    1700093600000,
    1700097200000,
    1700100800000,
    1700104400000,
    1700108000000,
    1700111600000,
    1700115200000,
    1700118800000,
    1700122400000,
    1700126000000,
    1700129600000,
    1700133200000,
    1700136800000,
    1700140400000,
    1700144000000,
    1700147600000,
    1700151200000,
    1700154800000,
    1700158400000,
    1700162000000,
    1700165600000,
    1700169200000
  ],
  "opens": [
    118,
    120.65,
    123.2,
    125.64999999999999,
    128,
    130.25,
    132.4,
    129.15,
    125.99999999999999,
    122.94999999999999,
    120,
    117.15,
    114.4,
    116.44999999999999,
    118.39999999999999,
    120.25,
    122,
    123.65,
    125.2,
    122.55,
    120,
    117.55000000000001,
    115.2,
    112.94999999999999,
    110.8,
    112.25,
    113.60000000000001,
    114.85,
    116,
    117.05,
    118,
    115.95,
    114,
    112.15,
    110.39999999999999,
    108.75,
    107.2,
    108.05000000000001,
    108.8,
    109.44999999999999,
    110,
    110.45,
    110.8,
    109.35,
    108,
    106.75,
    105.60000000000001,
    104.55
  ],
  "highs": [
    118.5,
    121.15,
    123.7,
    126.14999999999999,
    128.5,
    130.75,
    132.9,
    129.65,
    126.49999999999999,
    123.44999999999999,
    120.5,
    117.65,
    114.9,
    116.94999999999999,
    118.89999999999999,
    120.75,
    122.5,
    124.15,
    125.7,
    123.05,
    120.5,
    118.05000000000001,
    115.7,
    113.44999999999999,
    111.3,
    112.75,
    114.10000000000001,
    115.35,
    116.5,
    117.55,
    118.5,
    116.45,
    114.5,
    112.65,
    110.89999999999999,
    109.25,
    107.7,
    108.55000000000001,
    109.3,
    109.94999999999999,
    110.5,
    110.95,
    111.3,
    109.85,
    108.5,
    107.25,
    106.10000000000001,
    105.05
  ],
  "lows": [
    117.5,
    120.15,
    122.7,
    125.14999999999999,
    127.5,
    129.75,
    131.9,
    128.65,
    125.49999999999999,
    122.44999999999999,
    119.5,
    116.65,
    113.9,
    115.94999999999999,
    117.89999999999999,
    119.75,
    121.5,
    123.15,
    124.7,
    122.05,
    119.5,
    117.05000000000001,
    114.7,
    112.44999999999999,
    110.3,
    111.75,
    113.10000000000001,
    114.35,
    115.5,
    116.55,
    117.5,
    115.45,
    113.5,
    111.65,
    109.89999999999999,
    108.25,
    106.7,
    107.55000000000001,
    108.3,
    108.94999999999999,
    109.5,
    109.95,
    110.3,
    108.85,
    107.5,
    106.25,
    105.10000000000001,
    104.05
  ],
  "closes": [
    118,
    120.65,
    123.2,
    125.64999999999999,
    128,
    130.25,
    132.4,
    129.15,
    125.99999999999999,
    122.94999999999999,
    120,
    117.15,
    114.4,
    116.44999999999999,
    118.39999999999999,
    120.25,
    122,
    123.65,
    125.2,
    122.55,
    120,
    117.55000000000001,
    115.2,
    112.94999999999999,
    110.8,
    112.25,
    113.60000000000001,
    114.85,
    116,
    117.05,
    118,
    115.95,
    114,
    112.15,
    110.39999999999999,
    108.75,
    107.2,
    108.05000000000001,
    108.8,
    109.44999999999999,
    110,
    110.45,
    110.8,
    109.35,
    108,
    106.75,
    105.60000000000001,
    104.55
  ],
  "volumes": [
    1200,
    1185,
    1170,
    1155,
    1140,
    1126,
    1111,
    1096,
    1081,
    1066,
    1051,
    1036,
    1021,
    1006,
    991,
    977,
    962,
    947,
    932,
    917,
    902,
    887,
    872,
    857,
    843,
    828,
    813,
    798,
    783,
    768,
    753,
    738,
    723,
    709,
    694,
    679,
    664,
    649,
    634,
    619,
    604,
    589,
    574,
    560,
    545,
    530,
    515,
    500
  ]
}
