{
  "times": [
    1700000000000,
    1700003600000,
    1700007200000,
    1700010800000,
    1700014400000,
    1700018000000,
    1700021600000,
    1700025200000,
    1700028800000,
    1700032400000,
    1700036000000,
    1700039600000,
    1700043200000,
    1700046800000,
    1700050400000,
    1700054000000,
    1700057600000,
    1700061200000,
    1700064800000,
    1700068400000,
    1700072000000,
    1700075600000,
    1700079200000,
    1700082800000,
    1700086400000,
    1700090000000,
    1700093600000,
    1700097200000,
    1700100800000,
    1700104400000,
    1700108000000,
    1700111600000,
    1700115200000,
    1700118800000,
    1700122400000,
    1700126000000,
    1700129600000,
    1700133200000,
    1700136800000,
    1700140400000,
    1700144000000,
    1700147600000,
    1700151200000,
    1700154800000,
    1700158400000,
    1700162000000,
    1700165600000,
    1700169200000
  ],
  "opens": [
    120,
    121.66666666666667,
    123.33333333333333,
    125,
    126.66666666666667,
    128.33333333333334,
    130,
    128.33333333333334,
    126.66666666666667,
    125,
    123.33333333333333,
    121.66666666666667,
    120,
    121.66666666666667,
    123.33333333333333,
    125,
    126.66666666666667,
    128.33333333333334,
    130,
    128.33333333333334,
    126.66666666666667,
    125,
    123.33333333333333,
    121.66666666666667,
    120,
    121.66666666666667,
    123.33333333333333,
    125,
    126.66666666666667,
    128.33333333333334,
    130,
    128.33333333333334,
    126.66666666666667,
    125,
    123.33333333333333,
    121.66666666666667,
    120,
    121.66666666666667,
    123.33333333333333,
    125,
    126.66666666666667,
    128.33333333333334,
    130,
    128.33333333333334,
    126.66666666666667,
    125,
    123.33333333333333,
    121.66666666666667
  ],
  "highs": [
    120.5,
    122.16666666666667,
    123.83333333333333,
    125.5,
    127.16666666666667,
    128.83333333333334,
    130.5,
    128.83333333333334,
    127.16666666666667,
    125.5,
    123.83333333333333,
    122.16666666666667,
    120.5,
    122.16666666666667,
    123.83333333333333,
    125.5,
    127.16666666666667,
    128.83333333333334,
    130.5,
    128.83333333333334,
    127.16666666666667,
    125.5,
    123.83333333333333,
    122.16666666666667,
    120.5,
    122.16666666666667,
    123.83333333333333,
    125.5,
    127.16666666666667,
    128.83333333333334,
    130.5,
    128.83333333333334,
    127.16666666666667,
    125.5,
    123.83333333333333,
    122.16666666666667,
    120.5,
    122.16666666666667,
    123.83333333333333,
    125.5,
    127.16666666666667,
    128.83333333333334,
    130.5,
    128.83333333333334,
    127.16666666666667,
    125.5,
    123.83333333333333,
    122.16666666666667
  ],
  "lows": [
    119.5,
    121.16666666666667,
    122.83333333333333,
    124.5,
    126.16666666666667,
    127.83333333333334,
    129.5,
    127.83333333333334,
    126.16666666666667,
    124.5,
    122.83333333333333,
    121.16666666666667,
    119.5,
    121.16666666666667,
    122.83333333333333,
    124.5,
    126.16666666666667,
    127.83333333333334,
    129.5,
    127.83333333333334,
    126.16666666666667,
    124.5,
    122.83333333333333,
    121.16666666666667,
    119.5,
    121.16666666666667,
    122.83333333333333,
    124.5,
    126.16666666666667,
    127.83333333333334,
    129.5,
    127.83333333333334,
    126.16666666666667,
    124.5,
    122.83333333333333,
    121.16666666666667,
    119.5,
    121.16666666666667,
    122.83333333333333,
    124.5,
    126.16666666666667,
    127.83333333333334,
    129.5,
    127.83333333333334,
    126.16666666666667,
    124.5,
    122.83333333333333,
    121.16666666666667
  ],
  "closes": [
    120,
    121.66666666666667,
    123.33333333333333,
    125,
    126.66666666666667,
    128.33333333333334,
    130,
    128.33333333333334,
    126.66666666666667,
    125,
    123.33333333333333,
    121.66666666666667,
    120,
    121.66666666666667,
    123.33333333333333,
    125,
    126.66666666666667,
    128.33333333333334,
    130,
    128.33333333333334,
    126.66666666666667,
    125,
    123.33333333333333,
    121.66666666666667,
    120,
    121.66666666666667,
    123.33333333333333,
    125,
    126.66666666666667,
    128.33333333333334,
    130,
    128.33333333333334,
    126.66666666666667,
    125,
    123.33333333333333,
    121.66666666666667,
    120,
    121.66666666666667,
    123.33333333333333,
    125,
    126.66666666666667,
    128.33333333333334,
    130,
    128.33333333333334,
    126.66666666666667,
    125,
    123.33333333333333,
    121.66666666666667
  ],
  "volumes": [
    1000,
    1000,
    1000,
    1000,
    1000,
    1000,
    1000,
    1000,
    1000,
    1000,
    1000,
    1000,
    1000,
    1000,
    1000,
    1000,
    1000,
    1000,
    1000,
    1000,
    1000,
    1000,
    1000,
    1000,
    1000,
    1000,
    1000,
    1000,
    1000,
    1000,
    1000,
    1000,
    1000,
    1000,
    1000,
    1000,
    1000,
    1000,
    1000,
    1000,
    1000,
    1000,
    1000,
    1000,
    1000,
    1000,
    1000,
    1000
  ]
}
