{
  "times": [
    1700000000000,
    1700003600000,
    1700007200000,
    1700010800000,
    1700014400000,
    1700018000000,
    1700021600000,
    1700025200000,
    1700028800000,
    1700032400000,
    1700036000000,
    1700039600000,
    1700043200000,
    1700046800000,
    1700050400000,
    1700054000000,
    1700057600000,
    1700061200000,
    1700064800000,
    1700068400000,
    1700072000000,
    1700075600000,
    1700079200000,
    1700082800000,
    1700086400000,
    1700090000000,
    1700093600000,
    1700097200000,
    1700100800000,
    1700104400000,
    1700108000000,
    1700111600000,
    1700115200000,
    1700118800000,
    1700122400000,
    1700126000000,
    1700129600000,
    1700133200000,
    1700136800000,
    1700140400000,
    1700144000000,
    1700147600000,
    1700151200000,
    1700154800000,
    1700158400000,
    1700162000000,
    1700165600000,
    1700169200000
  ],
  "opens": [
    127.5,
    129.33333333333334,
    131.16666666666666,
    133,
    134.83333333333334,
    136.66666666666666,
    138.5,
    135.66666666666666,
    132.83333333333334,
    130,
    127.16666666666667,
    124.33333333333333,
    121.5,
    123.33333333333333,
    125.16666666666667,
    127,
    128.83333333333334,
    130.66666666666666,
    132.5,
    129.66666666666666,
    126.83333333333333,
    124,
    121.16666666666667,
    118.33333333333333,
    115.5,
    117.33333333333333,
    119.16666666666667,
    121,
    122.83333333333333,
    124.66666666666667,
    126.5,
    123.66666666666667,
    120.83333333333333,
    118,
    115.16666666666667,
    112.33333333333333,
    109.5,
    111.33333333333333,
    113.16666666666667,
    115,
    116.83333333333333,
    118.66666666666667,
    120.5,
    117.66666666666667,
    114.83333333333333,
    112,
    109.16666666666667,
    145
  ],
  "highs": [
    128,
    129.83333333333334,
    131.66666666666666,
    133.5,
    135.33333333333334,
    137.16666666666666,
    139,
    136.16666666666666,
    133.33333333333334,
    130.5,
    127.66666666666667,
    124.83333333333333,
    122,
    123.83333333333333,
    125.66666666666667,
    127.5,
    129.33333333333334,
    131.16666666666666,
    133,
    130.16666666666666,
    127.33333333333333,
    124.5,
    121.66666666666667,
    118.83333333333333,
    116,
    117.83333333333333,
    119.66666666666667,
    121.5,
    123.33333333333333,
    125.16666666666667,
    127,
    124.16666666666667,
    121.33333333333333,
    118.5,
    115.66666666666667,
    112.83333333333333,
    110,
    111.83333333333333,
    113.66666666666667,
    115.5,
    117.33333333333333,
    119.16666666666667,
    121,
    118.16666666666667,
    115.33333333333333,
    112.5,
    109.66666666666667,
    145.5
  ],
  "lows": [
    127,
    128.83333333333334,
    130.66666666666666,
    132.5,
    134.33333333333334,
    136.16666666666666,
    138,
    135.16666666666666,
    132.33333333333334,
    129.5,
    126.66666666666667,
    123.83333333333333,
    121,
    122.83333333333333,
    124.66666666666667,
    126.5,
    128.33333333333334,
    130.16666666666666,
    132,
    129.16666666666666,
    126.33333333333333,
    123.5,
    120.66666666666667,
    117.83333333333333,
    115,
    116.83333333333333,
    118.66666666666667,
    120.5,
    122.33333333333333,
    124.16666666666667,
    126,
    123.16666666666667,
    120.33333333333333,
    117.5,
    114.66666666666667,
    111.83333333333333,
    109,
    110.83333333333333,
    112.66666666666667,
    114.5,
    116.33333333333333,
    118.16666666666667,
    120,
    117.16666666666667,
    114.33333333333333,
    111.5,
    108.66666666666667,
    144.5
  ],
  "closes": [
    127.5,
    129.33333333333334,
    131.16666666666666,
    133,
    134.83333333333334,
    136.66666666666666,
    138.5,
    135.66666666666666,
    132.83333333333334,
    130,
    127.16666666666667,
    124.33333333333333,
    121.5,
    123.33333333333333,
    125.16666666666667,
    127,
    128.83333333333334,
    130.66666666666666,
    132.5,
    129.66666666666666,
    126.83333333333333,
    124,
    121.16666666666667,
    118.33333333333333,
    115.5,
    117.33333333333333,
    119.16666666666667,
    121,
    122.83333333333333,
    124.66666666666667,
    126.5,
    123.66666666666667,
    120.83333333333333,
    118,
    115.16666666666667,
    112.33333333333333,
    109.5,
    111.33333333333333,
    113.16666666666667,
    115,
    116.83333333333333,
    118.66666666666667,
    120.5,
    117.66666666666667,
    114.83333333333333,
    112,
    109.16666666666667,
    145
  ],
  "volumes": [
    1000,
    1000,
    1000,
    1000,
    1000,
    1000,
    1000,
    1000,
    1000,
    1000,
    1000,
    1000,
    1000,
    1000,
    1000,
    1000,
    1000,
    1000,
    1000,
    1000,
    1000,
    1000,
    1000,
    1000,
    1000,
    1000,
    1000,
    1000,
    1000,
    1000,
    1000,
    1000,
    1000,
    1000,
    1000,
    1000,
    1000,
    1000,
    1000,
    1000,
    1000,
    1000,
    1000,
    1000,
    1000,
    1000,
    1000,
    1000
  ]
}
