{
  "times": [
    1700000000000,
    1700003600000,
    1700007200000,
    1700010800000,
    1700014400000,
    1700018000000,
    1700021600000,
    1700025200000,
    1700028800000,
    1700032400000,
    1700036000000,
    1700039600000,
    1700043200000,
    1700046800000,
    1700050400000,
    1700054000000,
    1700057600000,
    1700061200000,
    1700064800000,
    1700068400000,
    1700072000000,
    1700075600000,
    1700079200000,
    1700082800000,
    1700086400000,
    1700090000000,
    1700093600000,
    1700097200000,
    1700100800000,
    1700104400000,
    1700108000000,
    1700111600000,
    1700115200000,
    1700118800000,
    1700122400000,
    1700126000000,
    1700129600000,
    1700133200000,
    1700136800000,
    1700140400000,
    1700144000000,
    1700147600000,
    1700151200000,
    1700154800000,
    1700158400000,
    1700162000000,
    1700165600000,
    1700169200000
  ],
  "opens": [
    97.1224161144346,
    97.9318404509686,
    97.90717688249424,
    99.60787937883288,
    102.4027355844155,
    102.16450062999502,
    101.60125243617222,
    102.58345584012568,
    101.30716628208756,
    99.2389883431606,
    98.10836406657472,
    96.85843211691827,
    93.9512245124206,
    92.87803625361994,
    93.88160875951871,
    91.84910528734326,
    91.59150743670762,
    92.86741680419073,
    92.52384660812095,
    93.5550301047042,
    92.90465425420552,
    90.76178328180686,
    89.91114441631362,
    87.96774092130363,
    90.21503785252571,
    88.70135072572157,
    90.58135602110997,
    91.73484470602125,
    92.52274942677468,
    94.22222917946056,
    94.92690183361992,
    95.39979765564203,
    94.05843856744468,
    93.3182217865251,
    95.60581009881571,
    96.91267789993435,
    98.96657131705433,
    101.3869002298452,
    102.46008237404749,
    99.4822668004781,
    98.59366869553924,
    101.06777001498267,
    100.10544572630897,
    98.21475134324282,
    97.73308819439262,
    99.35533809708431,
    99.23155414825305,
    98.35936012491584
  ],
  "highs": [
    97.4323448233772,
    98.77785815922543,
    98.53618618906475,
    99.93179196929559,
    102.74693610896357,
    102.70239073922858,
    102.47291093007661,
    103.13719318760559,
    101.86114772637374,
    99.59224988622591,
    98.41260643959977,
    97.5022227092646,
    94.71907764752396,
    93.7510290211998,
    94.57578765884973,
    92.70654378710314,
    92.32691529025324,
    93.51304857013747,
    92.94742608726956,
    94.16763591235504,
    93.76003990699537,
    91.47289087614044,
    90.68702668682673,
    88.3391285548918,
    90.94912287970074,
    89.23651714278385,
    91.10442744255997,
    92.35181068470702,
    93.37492142100818,
    95.01740390872583,
    95.59350907937623,
    96.23325357465073,
    94.82645118166693,
    93.7261365535669,
    96.14100243509748,
    97.2669843844138,
    99.60222526420839,
    101.92689733495936,
    103.25258098975755,
    100.17714802576229,
    98.95924714286812,
    101.95928545696661,
    100.96342605114914,
    98.9495948090218,
    98.23944498975762,
    100.04890666967258,
    99.82545209662058,
    99.22533137081192
  ],
  "lows": [
    96.81248740549199,
    97.08582274271176,
    97.27816757592373,
    99.28396678837017,
    102.05853505986742,
    101.62661052076146,
    100.72959394226783,
    102.02971849264577,
    100.75318483780138,
    98.88572680009528,
    97.80412169354967,
    96.21464152457193,
    93.18337137731723,
    92.00504348604008,
    93.18742986018769,
    90.99166678758338,
    90.85609958316199,
    92.22178503824398,
    92.10026712897233,
    92.94242429705336,
    92.04926860141568,
    90.05067568747327,
    89.13526214580051,
    87.59635328771546,
    89.48095282535068,
    88.16618430865928,
    90.05828459965997,
    91.11787872733548,
    91.67057743254118,
    93.42705445019529,
    94.26029458786361,
    94.56634173663333,
    93.29042595322244,
    92.9103070194833,
    95.07061776253394,
    96.5583714154549,
    98.33091736990028,
    100.84690312473103,
    101.66758375833743,
    98.78738557519391,
    98.22809024821035,
    100.17625457299873,
    99.2474654014688,
    97.47990787746384,
    97.22673139902763,
    98.66176952449605,
    98.63765619988553,
    97.49338887901976
  ],
  "closes": [
    97.1224161144346,
    97.9318404509686,
    97.90717688249424,
    99.60787937883288,
    102.4027355844155,
    102.16450062999502,
    101.60125243617222,
    102.58345584012568,
    101.30716628208756,
    99.2389883431606,
    98.10836406657472,
    96.85843211691827,
    93.9512245124206,
    92.87803625361994,
    93.88160875951871,
    91.84910528734326,
    91.59150743670762,
    92.86741680419073,
    92.52384660812095,
    93.5550301047042,
    92.90465425420552,
    90.76178328180686,
    89.91114441631362,
    87.96774092130363,
    90.21503785252571,
    88.70135072572157,
    90.58135602110997,
    91.73484470602125,
    92.52274942677468,
    94.22222917946056,
    94.92690183361992,
    95.39979765564203,
    94.05843856744468,
    93.3182217865251,
    95.60581009881571,
    96.91267789993435,
    98.96657131705433,
    101.3869002298452,
    102.46008237404749,
    99.4822668004781,
    98.59366869553924,
    101.06777001498267,
    100.10544572630897,
    98.21475134324282,
    97.73308819439262,
    99.35533809708431,
    99.23155414825305,
    98.35936012491584
  ],
  "volumes": [
    1009,
    922,
    1019,
    1049,
    1040,
    1092,
    1099,
    1000,
    1035,
    1071,
    993,
    1092,
    960,
    1009,
    1025,
    1053,
    966,
    1052,
    991,
    1075,
    1048,
    970,
    1059,
    981,
    1007,
    1074,
    1066,
    1079,
    977,
    919,
    922,
    918,
    1046,
    956,
    1055,
    1048,
    943,
    941,
    1100,
    904,
    1002,
    961,
    1081,
    1021,
    1095,
    990,
    975,
    977
  ]
}
