{
  "times": [
    1700000000000,
    1700003600000,
    1700007200000,
    1700010800000,
    1700014400000,
    1700018000000,
    1700021600000,
    1700025200000,
    1700028800000,
    1700032400000,
    1700036000000,
    1700039600000,
    1700043200000,
    1700046800000,
    1700050400000,
    1700054000000,
    1700057600000,
    1700061200000,
    1700064800000,
    1700068400000,
    1700072000000,
    1700075600000,
    1700079200000,
    1700082800000,
    1700086400000,
    1700090000000,
    1700093600000,
    1700097200000,
    1700100800000,
    1700104400000,
    1700108000000,
    1700111600000,
    1700115200000,
    1700118800000,
    1700122400000,
    1700126000000,
    1700129600000,
    1700133200000,
    1700136800000,
    1700140400000,
    1700144000000,
    1700147600000,
    1700151200000,
    1700154800000,
    1700158400000,
    1700162000000,
    1700165600000,
    1700169200000
  ],
  "opens": [
    104,
    107.55,
    111,
    114.35,
    117.60000000000001,
    120.75,
    123.8,
    121.44999999999999,
    119.2,
    117.05000000000001,
    115,
    113.05,
    111.2,
    114.15,
    117,
    119.75,
    122.39999999999999,
    124.94999999999999,
    127.4,
    125.65,
    124,
    122.45,
    121,
    119.64999999999999,
    118.4,
    120.75,
    123,
    125.15,
    127.2,
    129.14999999999998,
    131,
    129.85000000000002,
    128.8,
    127.85,
    127,
    126.25,
    125.6,
    127.35,
    129,
    130.55,
    132,
    133.35000000000002,
    134.6,
    134.05,
    133.6,
    133.25,
    133,
    132.85
  ],
  "highs": [
    104.5,
    108.05,
    111.5,
    114.85,
    118.10000000000001,
    121.25,
    124.3,
    121.94999999999999,
    119.7,
    117.55000000000001,
    115.5,
    113.55,
    111.7,
    114.65,
    117.5,
    120.25,
    122.89999999999999,
    125.44999999999999,
    127.9,
    126.15,
    124.5,
    122.95,
    121.5,
    120.14999999999999,
    118.9,
    121.25,
    123.5,
    125.65,
    127.7,
    129.64999999999998,
    131.5,
    130.35000000000002,
    129.3,
    128.35,
    127.5,
    126.75,
    126.1,
    127.85,
    129.5,
    131.05,
    132.5,
    133.85000000000002,
    135.1,
    134.55,
    134.1,
    133.75,
    133.5,
    133.35
  ],
  "lows": [
    103.5,
    107.05,
    110.5,
    113.85,
    117.10000000000001,
    120.25,
    123.3,
    120.94999999999999,
    118.7,
    116.55000000000001,
    114.5,
    112.55,
    110.7,
    113.65,
    116.5,
    119.25,
    121.89999999999999,
    124.44999999999999,
    126.9,
    125.15,
    123.5,
    121.95,
    120.5,
    119.14999999999999,
    117.9,
    120.25,
    122.5,
    124.65,
    126.7,
    128.64999999999998,
    130.5,
    129.35000000000002,
    128.3,
    127.35,
    126.5,
    125.75,
    125.1,
    126.85,
    128.5,
    130.05,
    131.5,
    132.85000000000002,
    134.1,
    133.55,
    133.1,
    132.75,
    132.5,
    132.35
  ],
  "closes": [
    104,
    107.55,
    111,
    114.35,
    117.60000000000001,
    120.75,
    123.8,
    121.44999999999999,
    119.2,
    117.05000000000001,
    115,
    113.05,
    111.2,
    114.15,
    117,
    119.75,
    122.39999999999999,
    124.94999999999999,
    127.4,
    125.65,
    124,
    122.45,
    121,
    119.64999999999999,
    118.4,
    120.75,
    123,
    125.15,
    127.2,
    129.14999999999998,
    131,
    129.85000000000002,
    128.8,
    127.85,
    127,
    126.25,
    125.6,
    127.35,
    129,
    130.55,
    132,
    133.35000000000002,
    134.6,
    134.05,
    133.6,
    133.25,
    133,
    132.85
  ],
  "volumes": [
    1200,
    1185,
    1170,
    1155,
    1140,
    1126,
    1111,
    1096,
    1081,
    1066,
    1051,
    1036,
    1021,
    1006,
    991,
    977,
    962,
    947,
    932,
    917,
    902,
    887,
    872,
    857,
    843,
    828,
    813,
    798,
    783,
    768,
    753,
    738,
    723,
    709,
    694,
    679,
    664,
    649,
    634,
    619,
    604,
    589,
    574,
    560,
    545,
    530,
    515,
    500
  ]
}
