{
  "times": [
    1700000000000,
    1700003600000,
    1700007200000,
    1700010800000,
    1700014400000,
    1700018000000,
    1700021600000,
    1700025200000,
    1700028800000,
    1700032400000,
    1700036000000,
    1700039600000,
    1700043200000,
    1700046800000,
    1700050400000,
    1700054000000,
    1700057600000,
    1700061200000,
    1700064800000,
    1700068400000,
    1700072000000,
    1700075600000,
    1700079200000,
    1700082800000,
    1700086400000,
    1700090000000,
    1700093600000,
    1700097200000,
    1700100800000,
    1700104400000,
    1700108000000,
    1700111600000,
    1700115200000,
    1700118800000,
    1700122400000,
    1700126000000,
    1700129600000,
    1700133200000,
    1700136800000,
    1700140400000,
    1700144000000,
    1700147600000,
    1700151200000,
    1700154800000,
    1700158400000,
    1700162000000,
    1700165600000,
    1700169200000
  ],
  "opens": [
    104,
    110.23333333333333,
    116.23333333333333,
    122,
    127.53333333333333,
    132.83333333333334,
    137.9,
    132.36666666666667,
    127.06666666666666,
    122,
    117.16666666666667,
    112.56666666666666,
    108.2,
    113.03333333333333,
    117.63333333333334,
    122,
    126.13333333333333,
    130.03333333333336,
    133.7,
    129.56666666666666,
    125.66666666666667,
    122,
    118.56666666666668,
    115.36666666666666,
    112.4,
    115.83333333333333,
    119.03333333333333,
    122,
    124.73333333333332,
    127.23333333333333,
    129.5,
    126.76666666666667,
    124.26666666666668,
    122,
    119.96666666666667,
    118.16666666666667,
    116.6,
    118.63333333333334,
    120.43333333333334,
    122,
    123.33333333333333,
    124.43333333333334,
    125.3,
    123.96666666666667,
    122.86666666666666,
    122,
    121.36666666666666,
    120.96666666666667
  ],
  "highs": [
    104.5,
    110.73333333333333,
    116.73333333333333,
    122.5,
    128.03333333333333,
    133.33333333333334,
    138.4,
    132.86666666666667,
    127.56666666666666,
    122.5,
    117.66666666666667,
    113.06666666666666,
    108.7,
    113.53333333333333,
    118.13333333333334,
    122.5,
    126.63333333333333,
    130.53333333333336,
    134.2,
    130.06666666666666,
    126.16666666666667,
    122.5,
    119.06666666666668,
    115.86666666666666,
    112.9,
    116.33333333333333,
    119.53333333333333,
    122.5,
    125.23333333333332,
    127.73333333333333,
    130,
    127.26666666666667,
    124.76666666666668,
    122.5,
    120.46666666666667,
    118.66666666666667,
    117.1,
    119.13333333333334,
    120.93333333333334,
    122.5,
    123.83333333333333,
    124.93333333333334,
    125.8,
    124.46666666666667,
    123.36666666666666,
    122.5,
    121.86666666666666,
    121.46666666666667
  ],
  "lows": [
    103.5,
    109.73333333333333,
    115.73333333333333,
    121.5,
    127.03333333333333,
    132.33333333333334,
    137.4,
    131.86666666666667,
    126.56666666666666,
    121.5,
    116.66666666666667,
    112.06666666666666,
    107.7,
    112.53333333333333,
    117.13333333333334,
    121.5,
    125.63333333333333,
    129.53333333333336,
    133.2,
    129.06666666666666,
    125.16666666666667,
    121.5,
    118.06666666666668,
    114.86666666666666,
    111.9,
    115.33333333333333,
    118.53333333333333,
    121.5,
    124.23333333333332,
    126.73333333333333,
    129,
    126.26666666666667,
    123.76666666666668,
    121.5,
    119.46666666666667,
    117.66666666666667,
    116.1,
    118.13333333333334,
    119.93333333333334,
    121.5,
    122.83333333333333,
    123.93333333333334,
    124.8,
    123.46666666666667,
    122.36666666666666,
    121.5,
    120.86666666666666,
    120.46666666666667
  ],
  "closes": [
    104,
    110.23333333333333,
    116.23333333333333,
    122,
    127.53333333333333,
    132.83333333333334,
    137.9,
    132.36666666666667,
    127.06666666666666,
    122,
    117.16666666666667,
    112.56666666666666,
    108.2,
    113.03333333333333,
    117.63333333333334,
    122,
    126.13333333333333,
    130.03333333333336,
    133.7,
    129.56666666666666,
    125.66666666666667,
    122,
    118.56666666666668,
    115.36666666666666,
    112.4,
    115.83333333333333,
    119.03333333333333,
    122,
    124.73333333333332,
    127.23333333333333,
    129.5,
    126.76666666666667,
    124.26666666666668,
    122,
    119.96666666666667,
    118.16666666666667,
    116.6,
    118.63333333333334,
    120.43333333333334,
    122,
    123.33333333333333,
    124.43333333333334,
    125.3,
    123.96666666666667,
    122.86666666666666,
    122,
    121.36666666666666,
    120.96666666666667
  ],
  "volumes": [
    1200,
    1185,
    1170,
    1155,
    1140,
    1126,
    1111,
    1096,
    1081,
    1066,
    1051,
    1036,
    1021,
    1006,
    991,
    977,
    962,
    947,
    932,
    917,
    902,
    887,
    872,
    857,
    843,
    828,
    813,
    798,
    783,
    768,
    753,
    738,
    723,
    709,
    694,
    679,
    664,
    649,
    634,
    619,
    604,
    589,
    574,
    560,
    545,
    530,
    515,
    500
  ]
}
