{
  "times": [
    1700000000000,
    1700003600000,
    1700007200000,
    1700010800000,
    1700014400000,
    1700018000000,
    1700021600000,
    1700025200000,
    1700028800000,
    1700032400000,
    1700036000000,
    1700039600000,
    1700043200000,
    1700046800000,
    1700050400000,
    1700054000000,
    1700057600000,
    1700061200000,
    1700064800000,
    1700068400000,
    1700072000000,
    1700075600000,
    1700079200000,
    1700082800000,
    1700086400000,
    1700090000000,
    1700093600000,
    1700097200000,
    1700100800000,
    1700104400000,
    1700108000000,
    1700111600000,
    1700115200000,
    1700118800000,
    1700122400000,
    1700126000000,
    1700129600000,
    1700133200000,
    1700136800000,
    1700140400000,
    1700144000000,
    1700147600000,
    1700151200000,
    1700154800000,
    1700158400000,
    1700162000000,
    1700165600000,
    1700169200000
  ],
  "opens": [
    122,
    120.08749999999999,
    118.25,
    116.4875,
    114.80000000000001,
    113.1875,
    111.64999999999999,
    110.1875,
    108.8,
    111.3125,
    113.75,
    116.1125,
    118.4,
    120.6125,
    122.75,
    124.8125,
    126.8,
    125.4875,
    124.25,
    123.0875,
    122,
    120.9875,
    120.05,
    119.1875,
    118.4,
    120.3125,
    122.15,
    123.9125,
    125.6,
    127.21249999999999,
    128.75,
    130.2125,
    131.6,
    130.88750000000002,
    130.25,
    129.6875,
    129.2,
    128.7875,
    128.45,
    128.1875,
    128,
    129.3125,
    130.54999999999998,
    131.7125,
    132.8,
    133.8125,
    134.75,
    135.61249999999998
  ],
  "highs": [
    122.5,
    120.58749999999999,
    118.75,
    116.9875,
    115.30000000000001,
    113.6875,
    112.14999999999999,
    110.6875,
    109.3,
    111.8125,
    114.25,
    116.6125,
    118.9,
    121.1125,
    123.25,
    125.3125,
    127.3,
    125.9875,
    124.75,
    123.5875,
    122.5,
    121.4875,
    120.55,
    119.6875,
    118.9,
    120.8125,
    122.65,
    124.4125,
    126.1,
    127.71249999999999,
    129.25,
    130.7125,
    132.1,
    131.38750000000002,
    130.75,
    130.1875,
    129.7,
    129.2875,
    128.95,
    128.6875,
    128.5,
    129.8125,
    131.04999999999998,
    132.2125,
    133.3,
    134.3125,
    135.25,
    136.11249999999998
  ],
  "lows": [
    121.5,
    119.58749999999999,
    117.75,
    115.9875,
    114.30000000000001,
    112.6875,
    111.14999999999999,
    109.6875,
    108.3,
    110.8125,
    113.25,
    115.6125,
    117.9,
    120.1125,
    122.25,
    124.3125,
    126.3,
    124.9875,
    123.75,
    122.5875,
    121.5,
    120.4875,
    119.55,
    118.6875,
    117.9,
    119.8125,
    121.65,
    123.4125,
    125.1,
    126.71249999999999,
    128.25,
    129.7125,
    131.1,
    130.38750000000002,
    129.75,
    129.1875,
    128.7,
    128.2875,
    127.94999999999999,
    127.6875,
    127.5,
    128.8125,
    130.04999999999998,
    131.2125,
    132.3,
    133.3125,
    134.25,
    135.11249999999998
  ],
  "closes": [
    122,
    120.08749999999999,
    118.25,
    116.4875,
    114.80000000000001,
    113.1875,
    111.64999999999999,
    110.1875,
    108.8,
    111.3125,
    113.75,
    116.1125,
    118.4,
    120.6125,
    122.75,
    124.8125,
    126.8,
    125.4875,
    124.25,
    123.0875,
    122,
    120.9875,
    120.05,
    119.1875,
    118.4,
    120.3125,
    122.15,
    123.9125,
    125.6,
    127.21249999999999,
    128.75,
    130.2125,
    131.6,
    130.88750000000002,
    130.25,
    129.6875,
    129.2,
    128.7875,
    128.45,
    128.1875,
    128,
    129.3125,
    130.54999999999998,
    131.7125,
    132.8,
    133.8125,
    134.75,
    135.61249999999998
  ],
  "volumes": [
    1200,
    1185,
    1170,
    1155,
    1140,
    1126,
    1111,
    1096,
    1081,
    1066,
    1051,
    1036,
    1021,
    1006,
    991,
    977,
    962,
    947,
    932,
    917,
    902,
    887,
    872,
    857,
    843,
    828,
    813,
    798,
    783,
    768,
    753,
    738,
    723,
    709,
    694,
    679,
    664,
    649,
    634,
    619,
    604,
    589,
    574,
    560,
    545,
    530,
    515,
    500
  ]
}
